id,category,text
490751880,dm_petitions_13056908_ericadams,"PROTECTION GATE FOR STAPLETON WATER FRONT<p>My 6 year old son Thomas , who has severe autism, left our home and wandered to Stapleton Water Front by our home.¬† Tragically my son drowned at this ungated water front.¬† I had to watch something "
490635599,dm_petitions_13056908_ericadams,"Update Hazardous Waste Disposal Site policy‚Äôs in NYC Boroughs<p>Living in Staten Island, part of the vibrant tapestry of New York City, I often find myself in a predicament familiar to many residents: what to do with half a gallon of old gasoline or outdated ho"
490611537,dm_petitions_13056908_ericadams,"Decrease the amount of toxic vehicle emissions<p>In NYC, air pollution from transportation emissions has led to roughly 1400 premature deaths annually due to pollution from tens of thousands of cars, trucks, and buses that traverse in the area (S"
490468073,dm_petitions_13056908_ericadams,"Reinstate the Le Dive and Clandestino's Outdoor Seating in the Lower East Side<p>For many of us on the Lower East Side, Le Dive's outdoor seating wasn't just tables and chairs, it was our community hub, where connections happened naturally. Now that it's gone, there's a real em"
490807131,dm_petitions_13056908_ericadams,"Discontinuation of the School Bus Ticket Program<p>The school bus safety program in Nassau County, New York, intended to protect our children, has become a source of distress and financial burden for many innocent citizens due to its current misuse"
490665880,dm_petitions_13056908_ericadams,"Protect NYC carriage horses with stronger health safeguards<p><strong>When Ryder the carriage horse collapsed near Times Square in 2022, the world watched in horror. </strong></p>
<p>But banning horse-drawn carriages won‚Äôt prevent the next tragedy ‚Äî <strong>s"
490384246,dm_petitions_13056908_ericadams,"Stop Income-Based Discrimination in Housing Opportunities<p>Thousands of homeless New Yorkers bear a burden that I feel incredibly passionate about. These individuals receive government assistance, yet face rejection after rejection when seeking housing. La"
490767644,dm_petitions_13056908_ericadams,"What is HOPE?<p>Our collection of policies:</p>
<p>¬†1. Implement major outreach for young adults who show early symptoms of violence (bullies.) Assess.¬†</p>
<p>2. Assign ONE social worker per domestic violence cas"
490606667,dm_petitions_13056908_ericadams,"Stop Our Sink in NYC- Help Get Our City Officials Attention<p>We are dedicated environmentalist students looking into the problem of New York sinking. New York City is experiencing subsidence at an alarming rate, only further accelerated due to a combination "
490515763,dm_petitions_13056908_ericadams,"Update the Citywide Agreement: Fair Wages, Fair Treatment, Now!<p>The Issue</p>
<p>üö® PETITION TO REVIEW AND UPDATE THE NEW YORK CITY ‚ÄúCITYWIDE AGREEMENT‚Äù üö®</p>
<p>The New York City Citywide Agreement is a labor contract between the City of New York and municipal "
490683822,dm_petitions_13056908_ericadams,"Phones Aren‚Äôt the Problem ‚Äî The Ban Is<p>‚Äì Who is impacted?</p>
<p>Students across New York City high schools are being heavily affected by strict phone bans that extend even into non-classroom times like lunch or breaks between periods. "
490446652,dm_petitions_13056908_ericadams,"End the Crisis of Sleep Deprivation: Demand Rest for All<p>Sleep deprivation has become a crisis for students across New York City. According to the Centers for Disease Control and Prevention (CDC), 73% of high school students do not achieve the recommende"
490722874,dm_petitions_13056908_ericadams,"Restore Safety to the East River Esplanade South Dog Park<p>We‚Äôre a group of neighbors, dog owners, and local residents rallying to restore the East River Esplanade South Dog Park ‚Äî and we need your support before winter 2025 sets in.<br><br>#We are not ask"
490491301,dm_petitions_13056908_ericadams,Install Speed Bumps on Pacific St. between Albany and Troy!<p>We love our block and we love our neighbors. But reckless drivers threaten the safety of our block. They frequently speed down our street to bypass traffic on Atlantic or in a rush to beat the gree
490676338,dm_petitions_13056908_ericadams,"Support the Family of Fallen NYPD Officer Didarul Islam<p>On Monday, <strong>Officer Didarul Islam‚Äîa father, husband, son, and public servant‚Äîwas shot and killed while working off duty in Midtown Manhattan</strong>. He died a hero, stepping in to protect "
490817710,dm_petitions_13056908_ericadams,"Protect NYC Neighborhoods Against BESS: Responsible Siting & True Community Input<p><strong>To: NYC Council, Mayor‚Äôs Office, FDNY, NYC DOB, NYS PSC, NYSERDA, and Con Edison</strong></p>
<p><strong>Summary:</strong></p>
<p>We support clean energy and a more reliable grid. But large"
490752712,dm_petitions_13056908_ericadams,Stop the Fulton-Elliot Chelsea Demolition Plan<p>The Fulton-Elliot Chelsea redevelopment plan is more than just an urban development proposal; it is a blatant land grab that threatens to uproot and displace thousands of low-income households. For
490790222,dm_petitions_13056908_ericadams,"Stop Economic Racism in NYC Contracting<p>New York City‚Äôs contracting system is steeped in economic racism‚Äîrewarding connected insiders while shutting out Black-owned businesses. According to the NYC Comptroller‚Äôs 2024 MWBE report, Black-o"
490363085,dm_petitions_13056908_ericadams,Home for All<p>New York City has faced the constant struggle of many residents not having accessible housing. We pose the possible solution of repurposing unused buildings into homes with adequate resources and a
490854017,dm_petitions_13056908_ericadams,"Build a statue in Brooklyn to honor Etika<p>Etika was more than just a content creator ‚Äî he was my favorite YouTuber and a voice of positivity, energy, and inspiration for millions around the world. From Brooklyn, New York, he built a commun"
490549860,dm_petitions_13056908_ericadams,"END DOGS BURNING ALIVE: Demand New York City Condemn Cruelty in Sister City, Seoul, Korea!<p><strong>Find more ways to help: <a href=""https://koreandogs.org/a-plea-for-compassion-seoul-newyork/"" rel=""nofollow"">https://koreandogs.org/a-plea-for-compassion-seoul-newyork/</a></strong></p>
<p>"
490600465,dm_petitions_13056908_ericadams,"Protect Woodlawn<p>PLEASE NOTE THAT ANY MONEY DONATED GOES TO CHANGE.ORG NOT to Protect Woodlawn. THANK YOU¬†</p>
<p>We, the undersigned residents of Woodlawn, the Bronx, are writing to express our strong opposition t"
490747728,dm_petitions_13056908_ericadams,"NYC DOT: Add Pavement STOP Marking at 187th & Pinehurst<p>Drivers turning right from Cabrini Blvd notoriously fail to stop at the intersection of 187th Street and Pinehurst Avenue, despite the paired stop signs posted on either side. This creates a seriou"
490687290,dm_petitions_13056908_ericadams,"Ban horse-drawn carriage rides in New York City<p>This is not just a symbolic issue. It is happening every day, right in the middle of Manhattan. Carriage horses are overworked, mistreated, and confined while thousands of people walk by without ev"
490809582,dm_petitions_13056908_ericadams,"Remove OnPoint NYC From Our NeighborhoodGrowing up in my neighborhood, my favorite park in the area of Washington Heights, located on West 180th Street and Amsterdam Avenue, was a cherished location for me and my community. This park, locat"
490597076,dm_petitions_13056908_ericadams,"Install Speed Bumps to Protect Washington Heights' Children<p>In Washington Heights, Manhattan, NY, our neighborhood thrives with the energy of children playing, families walking, and communities ¬†connecting. It's a place where we take pride in our sense of n"
490673008,dm_petitions_13056908_ericadams,"Require Immediate Military Reserve Pay After 20 Years of Service<p>After contributing 20 years of combined service across various military branches, both active duty and reserves, members are currently required to endure an additional 20-year wait before they can "
490688441,dm_petitions_13056908_ericadams,"Unlock Learining  ,Ditch the pouch !<p>¬† I am urging you to take action and ban the interpretation of Yondr pouches in New York City Public Schools.While these pouches ¬†introduced of declining rates of distractions from the school board"
490409445,dm_petitions_13056908_ericadams,"Construct a Dog Park and Kids area in Macdonald Park Protecting Greenery<p>Our children and pets are the heart of our community, yet they lack a safe and green open space where they can play without the fear of oncoming traffic. The transformation of Macdonald Park to inc"
490387202,dm_petitions_13056908_ericadams,"Create a DUMBO Vending Task Force: Restore Balance & Safety to Our Community<p>The DUMBO and Fulton Ferry neighborhoods of Brooklyn is facing an unprecedented crisis with illegal street vending that threatens public safety, quality of life, and the character of our historic d"
490691230,dm_petitions_13056908_ericadams,"Show Your Support: Keep Outdoor Dining at Arriba Arriba<p><strong>To Erik Bottcher, Member of the New York City Council</strong></p>
<p>We, the undersigned, are writing to express our strong support for Arriba Arriba, a beloved restaurant that has been a "
490651139,dm_petitions_13056908_ericadams,"Reverse Ban on Phones in NYC Public Schools<p>Growing up in today's digital age, students in NYC public schools, like myself, are accustomed to utilizing smartphones as essential tools for learning. While some may argue that phones are distrac"
490598287,dm_petitions_13056908_ericadams,"Mayor Adams: Help Parks Dept. Put More Lifeguards on NYC Beaches<p><strong>As a parent, I want to take my kids to the beach without wondering if help will be there if something goes wrong.</strong></p>
<p><strong>New York City‚Äôs beaches opened this summer with onl"
490407374,dm_petitions_13056908_ericadams,"Investigate Dog Murders & Increase Importance of Animal Cruelty Reports in Rockaway Beach<p>üö® Justice for the Dogs Abandoned and Killed in Rockaway Beach üö®</p>
<p>I‚Äôm a lifelong dog lover who recently witnessed a horrific and deeply unsettling sight‚Äîtwo murdered dogs left on our local bea"
490688616,dm_petitions_13056908_ericadams,"FIX the Riegelmann / Brighton Beach / Coney Island Boardwalk<p>¬†The Riegelmann / Brighton Beach / Coney Island boardwalk has arguably <strong>been getting</strong> <strong>worse</strong> over the last couple of years and, as more grass grows in between the woo"
490824031,dm_petitions_13056908_ericadams,"Open a Whole Foods Market in Staten Island<p>Staten Island, as an integral part of New York City, deserves the same quality of amenities and services as the other boroughs. As a resident, I have witnessed how limited the options are for acces"
490649321,dm_petitions_13056908_ericadams,"UFT Supporters Challenging Endorsement of Zohran Mamdani<p>The Issue: Say No to Ideology. Say Yes to Experience.</p>
<p>As a supporter of New York City‚Äôs public schools, educators, and working families, I am deeply concerned by the direction Zohran Mamdani"
490695540,dm_petitions_13056908_ericadams,"Allow phones for New York City Public Schools<p>Picture your family member or your loved one needing an emergency and calling you, but you can't pick up because the school took away your phone. Or picture needing an emergency yourself and being "
490628166,dm_petitions_13056908_ericadams,"Allow NYC TLC EV Plate Holders to Switch to Hybrid or Plug-In Hybrid Vehicles<p>In 2023, Mayor Eric Adams and the NYC TLC made a big announcement: they would reopen TLC plates only for fully electric vehicles. Many hardworking TLC drivers, including myself, saw this as a chanc"
490443559,dm_petitions_13056908_ericadams,"Stop the Planned 24-Hour Nationwide Economic Blackout on February 28, 2025!<p>Attention lawmakers, Asian Americans, and all American values of our community! In 2025. Just imagine, from 12:00 AM to 12:00 AM on Friday February 28, 2025, being unable to perform any basic econo"
490399291,dm_petitions_13056908_ericadams,"STOP Phase 2 -  Expansion of the Upper East Side Q Line<p>I am a resident of the Upper East Side, and the planned expansion of our local Q line deeply unsettles me. Our neighborhood has always been one of the safest, and the Q line as it stands is one of "
490555811,dm_petitions_13056908_ericadams,"Hold Dangerous Dog Owner Accountable for Attack on Penny The Chihuahua<p>On May 3, 2025, a devastating incident occurred in Upper West Side, Manhattan, New York, when my Chihuahua mix was brutally attacked by a pair of pit bulls. This was not an isolated event ‚Äì these s"
490771429,dm_petitions_13056908_ericadams,"Too Loud, Too Long, Too Much: Reform San Gennaro Now<p>¬†</p>
<p>¬†Reduce the Impact of the Feast of San Gennaro on Little Italy &amp; Nolita<br>¬†</p>
<p><strong>The Feast of San Gennaro has lost its balance.</strong></p>
<p><strong>What was once a local"
490365276,dm_petitions_13056908_ericadams,"Demand Governor Hochul to Reduce Congestion Zone Pricing for NYC Residents<p>I live in Battery Park City, a predominantly residential neighborhood in lower Manhattan, and am now confronted with an overwhelming issue: every time I use my car, I am levied a fee due to the con"
490597049,dm_petitions_13056908_ericadams,"Move Eid-Al-Adha break day from 6/5 (Thursday) to 6/6 (Friday)<p><strong>Dear Students &amp; the People of New York,</strong></p>
<p>As many know, the Department of Education of New York City has made a city-wide schedule for students. Amongst those calendar day"
490687954,dm_petitions_13056908_ericadams,"Justice for Lady ‚Äî End carriage horse abuse in plain sight in NYC<p><strong>Lady, a 15-year-old carriage horse, collapsed and died on a Manhattan street in the middle of the afternoon. </strong></p>
<p>She had worked in New York City <strong>for just six weeks.</st"
490667821,dm_petitions_13056908_ericadams,"Justice For Ryder: Hold NYC Horse Carriage Abusers Accountable<p>Last year, the world watched in horror as Ryder, a visibly emaciated and exhausted carriage horse, collapsed in the streets of New York City. He struggled to rise while his driver, Ian McKeever, wa"
490811170,dm_petitions_13056908_ericadams,"Enforce earlier shifts for Marillac cooking staff<p>Working at the Marillac Dining Hall at St. John's University, I've witnessed many of my older colleagues often working late into the night. These individuals are dedicated, hardworking, and are an "
490840222,dm_petitions_13056908_ericadams,"Mandate insurance coverage for menstrual products in NYC<p>Through my work with HerKitss, a nonprofit I founded to provide period care kits to women and girls in need, I‚Äôve seen firsthand how lack of access to menstrual products affects families and childr"
490639978,dm_petitions_13056908_ericadams,"Remove Claudia Perez as tenant association President of Washington houses and her husband<p>My name is Maria Zayas, and I am a resident at 220 E 102nd St, New York, NY. On June 25th, the elevators in our building were non-operational. During this time, I, along with two other elderly indi"
490676376,dm_petitions_13056908_ericadams,"No Casino in Hell's Kitchen<p>Residents of Hell's Kitchen rejected the proposal to build a casino at the Western Rail Yards. Now, another ill-suited casino proposal sits before a Community Advisory Committee, comprised of repre"
490760830,dm_petitions_13056908_ericadams,OPPOSE CASINO - AVENIR - Hudson Yards/Hell's Kitchen 41st and 10th/11th<p>We are very opposed to the Avenir Casino. It will be not only a blight to the neighborhood but between construction and traffic (even once completed)... it will make this neighborhood absolutely un
490673598,dm_petitions_13056908_ericadams,"Expand NYC Public Transit Transfers<p>Every day, I participate in a program in Brooklyn. To get there, I need to take a bus, transfer to a train, and then hop on another bus. Unfortunately, this routine requires paying for two separate"
490452445,dm_petitions_13056908_ericadams,"Extend NYC Public School Spring Break to Include Easter Monday<p>I'm a parent and special-ed teacher in NYC, the most diverse city in the world. It's a place where different cultures, religions, and traditions coexist. But currently, our public school system doe"
490596267,dm_petitions_13056908_ericadams,"Request to Allow Remote Option for June 6th Clerical Day for School-Based Staff<p>I hope this message finds you well. I am writing to respectfully request that the New York City Department of Education reconsider the requirement for in-person attendance on June 6, 2025, the sche"
490670764,dm_petitions_13056908_ericadams,"Stop The Public School Phone Ban<p>We, the students, parents, and concerned members of the NYC school community, respectfully call on the New York City Department of Education to reconsider and revise the current public school phone"
490431946,dm_petitions_13056908_ericadams,"Boro Park United: Say No to the Proposed Homeless Shelter<p><a href=""https://www.boropark24.com/news/proposed-shelter-in-boro-park-sparks-community-alarm-community-board-meeting-on-tuesday-1"" target=""_blank"" rel=""nofollow"">Urgent news has shaken our communi"
490526222,dm_petitions_13056908_ericadams,"Bring Safety Improvements to 31st Street in Astoria<p><a href=""https://docs.google.com/document/d/1dclmzqdLyGtpZa4rHxCETRmQRePH0bEe0ccv8vY-7k8/edit?usp=sharing"" target=""_blank"" rel=""nofollow"">Leer en Espa√±ol Aqui</a></p>
<p>------</p>
<p>Anyone who ha"
490837049,dm_petitions_13056908_ericadams,"Make boys flag football a varsity sport in NYC schools<p>Our children deserve to play the sport they love in a safe environment. For many boys across New York City, flag football is not just a pastime; it‚Äôs a passion and an integral part of their lives. "
490507145,dm_petitions_13056908_ericadams,"Reduce Volume and Frequency of Ambulance Sirens<p>As a healthcare provider and a resident of Manhattan, I am personally affected by the constant blaring of emergency ambulance sirens throughout the day and night. It's not just me - every single pe"
490691166,dm_petitions_13056908_ericadams,"Ban horse-drawn carriages from NYC streets due to animal welfare and traffic safety concer<p>As the proud owner of a pet shop in Hell‚Äôs Kitchen, I‚Äôve dedicated my life to loving and pampering animals. Every day, I see the joy and healing they bring when they are treated with compassion. Bu"
490559695,dm_petitions_13056908_ericadams,"Investigate NYPD‚ÄìICE Collusion and Enforce Sanctuary Laws<p>New York is supposed to be a sanctuary city ‚Äî a place where immigrant communities are protected, not targeted. But that promise is being broken.</p>
<p><strong>Leqaa Kordia, a Palestinian woman who"
490567688,dm_petitions_13056908_ericadams,"Petition to Ban Fossil Fuel‚ÄìPowered Generators on Ice Cream Trucks in New York City<p>We, the undersigned, respectfully call on New York City lawmakers to introduce and pass legislation that bans the use of fossil fuel‚Äìpowered generators on ice cream trucks.</p>
<p>While these truck"
490635577,dm_petitions_13056908_ericadams,"Launch A Children's Bible Book Drive In NYC<p><strong>Let's Have More Of God's Word Reign</strong></p>
<p>Let Our Hearts Press Upon A Loving Call First To Our Beautiful Parents Within Our City Walls ‚ú® . . .</p>
<p>To Mayor Adams and Future May"
490635652,dm_petitions_13056908_ericadams,"Reinstate Bike Racing at Floyd Bennett Field<p>Since 1999, I ¬†have participated in more than 200 races at Floyd Bennett Field in New York City, ¬†gaining not only personal achievements but also a profound connection to the local cycling communit"
490445872,dm_petitions_13056908_ericadams,"Rename Brooklyn Rally Location in Honor of the Unjustly Murdered Bibas Children<p>The personal weight of the Bibas tragedy is immense and universally felt. Shiri Bibas and her two young sons, Ariel and Kfir, were the victims of a brutal, heart-wrenching atrocity. During a Hamas-"
490852296,dm_petitions_13056908_ericadams,"Add a public skate park in New City, NY<p>Growing up in New City, NY, there was always a vibrant community spirit that fostered creativity, sports, and outdoor play. Sadly, despite our town's energetic essence, there isn't a single public "
490448842,dm_petitions_13056908_ericadams,"Stop Con Edison's Unfair Billing Practices and Excessive Rate Increases<p>The cost of living has become an unbearable burden for many of us, struggling to merely make ends meet. Corporate greed is preventing us from maintaining a decent standard of living, with each payc"
490381225,dm_petitions_13056908_ericadams,"lets change our energy source<p>I am a student in New York city, I am not satisfied with the school's carbon footprint. I am not thrilled that schools waste all their energy by leaving air conditioners,lights and ventilation on. "
490508116,dm_petitions_13056908_ericadams,"Make Composting an Optional Activity for All Residents<p>I live in a world where time feels more like a luxury than a given. From running errands, working, and trying to balance a social life, some everyday tasks can seem overwhelming. Composting, specif"
490813694,dm_petitions_13056908_ericadams,"Inspect NYC Housing Authority Buildings Now: Prevent Another Bronx Collapse<p><strong>On October 1st, part of a 20-story affordable housing high-rise in the Bronx collapsed after an explosion, leaving families terrified and homeless.</strong></p>
<p>We were lucky this time: "
490362118,dm_petitions_13056908_ericadams,"Save Christmas for all religions<p>As a child of 13 years, I have witnessed the injustice of religious freedom. The Coptic Orthodox and Catholics witness an event every January 6 and 7. Unfortunately for all of us, we do not receive"
490372332,dm_petitions_13056908_ericadams,"DEFUND EZ-Pass & MTA<p><strong>Petition Story:</strong><br>New Yorkers are no strangers to hard work. We hustle, we grind, and we make it happen. But lately, it feels like we‚Äôre being punished for simply living and tryin"
490691217,dm_petitions_13056908_ericadams,"BRING BACK the Century Playground Soccer Goals¬†For around a year (ever since ~June 17, 2024), the goals in Century Playground, Brighton Beach were taken away from the blue, concrete futsal field near the basketball courts. I believe this was due "
490766846,dm_petitions_13056908_ericadams,"Arrest Victor M. Feraru for Public Safety<p>Victor M. Feraru, once a practicing attorney, has been suspended from the practice of law due to¬† fraud, negligence, and being a threat to the public. This information is not merely speculative; it"
490481686,dm_petitions_13056908_ericadams,"TELL THE MTA TO STOP REMOVING BENCHES FROM SUBWAY STATIONS<p>The removal of benches from subway stations disproportionately impacts vulnerable populations and exacerbates existing accessibility challenges within our transit system.</p>
<p>The removal of benc"
490787491,dm_petitions_13056908_ericadams,"Stand With Us to Reopen Nap York<p>Dear Nap Yorker,</p>
<p>For the past five years, your support has fueled our mission: to recharge the people who power the world. This week, the NYC Department of Buildings ordered us to vacate our"
490703072,dm_petitions_13056908_ericadams,"Require stroller support in all NYC subway stations<p>Having an 18-month-old child has made commuting in New York City a daunting task. The city's subway system, which serves over 5 million riders daily, often lacks the necessary accommodations for fa"
490553293,dm_petitions_13056908_ericadams,"Ban ""Gender Queer"" in NYC Public Schools<p>As an 8th grader in New York City, I find myself deeply concerned about being obligated to read the book ""Gender Queer"" in my school. This book contains graphic and explicit images that, in my opin"
490637531,dm_petitions_13056908_ericadams,Why do tenants have all the rights. Landlord tenant not paying rent<p>Tenants should not have all the rights. My tenant ¬†has not paid rent in over 15 months. He has so many strangers going in and out of my house that I am scared for my life. I am a single mom of a no
490525224,dm_petitions_13056908_ericadams,Co-Naming the Street in Honor of Shane and Shameeka Germany<p>We are asking the City of New York to co-name 147th Street in Harlem as ‚ÄúNeverfold Way‚Äù to honor the lives and legacy of Shane Germany and Shameeka Germany‚Äîa son and mother whose unwavering strengt
490641795,dm_petitions_13056908_ericadams,"Restore and Repair Eugene McCabe Field ‚Äì A Lifeline for the Harlem Community<p>Eugene McCabe Park has been a cornerstone of the Harlem and Uptown Soccer community for years. For the past decade, it has served as a critical recreational space, and the home of a beloved coed pi"
490447816,dm_petitions_13056908_ericadams,"Help PS. IS. 187 in Washington Heights get elevators<p>¬†I am a former student at this school. I am worried about my friends who may need wheelchairs, walkers, or anything of the sort. I am worried because all there is at this school is stairs, lots and"
490835745,dm_petitions_13056908_ericadams,Turning off the city bike gaugeIn New York City there is city bikes and New Yorkers use them to travel places recently Citi Bike has put a gauge on them causing them to only go 15 mph this makes New Yorkers late for places that the
490584811,dm_petitions_13056908_ericadams,"Save Columbia Secondary School: We Need New Leadership Now<p><strong>Save Columbia Secondary School: We Need New Leadership Now</strong></p>
<p>Full Article: <a href=""https://nycschoolsecrets.com/columbia-secondary-school-seniors-battle-to-save-beloved-harle"
490831728,dm_petitions_13056908_ericadams,"Stop NYC‚Äôs Traffic Racket<p>Hold New York City Accountable: End Unconstitutional Camera Enforcement and Compensate Victims</p>
<p>¬†</p>
<p><br>‚∏ª</p>
<p>¬†</p>
<p><br>Petition Summary</p>
<p>¬†</p>
<p><br>We, the undersigned res"
490697444,dm_petitions_13056908_ericadams,"Transform ACC into a No-Kill Shelter<p>The ACC, located in one of the most bustling and compassionate cities in the world, is a high-kill shelter. Hundreds, and indeed thousands, of healthy young dogs and cats, including adorable and ad"
490824273,dm_petitions_13056908_ericadams,"Create The Move Project at Pier 76 in New York<p>In an era where censorship and silencing have unfortunately become all too common, it is through a new and dynamic event called The Move Project that we hope to foster change and celebrate the hist"
490646777,dm_petitions_13056908_ericadams,"NYC Families Demand Safe, Respectful School Transportation for Students with DisabilitiesEvery child in NYC deserves safe, reliable, and respectful school transportation‚Äîespecially those with IEPs and special needs. We demand the NYC Department of Education take action to hold bus compani"
490542874,dm_petitions_13056908_ericadams,"End Youth Homelessness<p>To: The Honorable Mayor and City Council of NYC, USA</p>
<p>We, the people of New York, are very worried about youth homelessness. There are 30% more young people who need safe places to live, food"
490675040,dm_petitions_13056908_ericadams,"Demand Justice for the Dog Burned Alive in Queens<p>What happened on the corner of 128th Street and 116th Avenue in Queens is beyond cruelty ‚Äî it‚Äôs evil.</p>
<p>A man was caught on camera dragging a lifeless dog down the street. Moments later, he po"
490385459,dm_petitions_13056908_ericadams,"Maintain Congestion Pricing Without Raising Toll Fees for the Next Decade<p>I, the petitioner, passionately advocate for less traffic and safer streets in our city. For years, I have seen first-hand the benefits of congestion pricing - it provides an incentive for drivers "
490668596,dm_petitions_13056908_ericadams,"Ban Animal Factory Farming Immediately<p>Sentient beings, whether they are animals, insects, or any other creatures, possess the capacity to experience emotions and pain. This undeniable truth makes it imperative that their welfare is tre"
490568010,dm_petitions_13056908_ericadams,"Make the Julia Richman Education Complex a Smoke-Free Zone for Our StudentsWe, the undersigned, are calling on city officials, DOE leadership, and the Julia Richman Education Complex (JREC) administration to take urgent and concrete action to protect students from daily expo"
490435286,dm_petitions_13056908_ericadams,"Stop Lithium Ion Battery Storage Site from being built on Victory Blvd at Travis (10314)<p>¬†</p>
<change-media data-type=""img"" data-src=""/fe/sap-rich-media-user-uploads/2025/02/23/0c4b823d-c355-429a-b206-2e85b961a7ff.jpeg""></change-media>
<p>¬†</p>
<p>As concerned residents of Staten Isla"
490686547,dm_petitions_13056908_ericadams,"No Casinos in Hell's Kitchen or Times Square<p>Residents of Hell's Kitchen rejected the proposal to build a casino at the Western Rail Yards. ¬†Now, two more ill-suited casino proposals will be evaluated before separate Community Advisory Commit"
490608255,dm_petitions_13056908_ericadams,"Demand Action Against NYS Automobile Thefts<p>The ongoing theft of automobiles, automobile tires, and wheels in New York State has become a significant burden on residents like me and countless others. The financial strain imposed by these cri"
490538623,dm_petitions_13056908_ericadams,"Oppose the Current Manhattan BBJ Plan - Support Affordable Housing & Alternative Sites<p>We, the undersigned residents, business owners, community members, and advocates, urge the City of New York to <strong>stop the Manhattan Borough Based Jail in its current plan, find an alternative"
490384892,dm_petitions_13056908_ericadams,"End Income-Based Discrimination in New York Housing<p>As passionate advocates for just societal practices, we are deeply concerned by the plight of thousands of homeless individuals in New York City. Despite receiving government assistance, these vita"
490429608,dm_petitions_13056908_ericadams,"Demolish All Congestion Cameras Following Pricing Elimination<p>Following the recent removal of Congestion Pricing, the businesses in our city have started picking up the pieces. The negative economic impact felt before was substantial. Now, there's a new conce"
490363562,dm_petitions_13056908_ericadams,"Investigate the increase of missing juveniles in Washington State (Ranked #10 in US)<p>My daughter, Ella Andrews, aged 14, has gone missing from Silverdale, WA on more than one occasion longer than 40 days at a time. <br>This devastating experience has painfully highlighted an alarmi"
490688157,dm_petitions_13056908_ericadams,"Demand Justice in the Harlem Legionnaires Outbreak: Release Building Names<p>¬†</p>
<p>¬†</p>
<p>¬†</p>
<p><strong>Enough is enough.</strong><br>We, <strong>the concerned residents of Harlem </strong>and allies across New York City, demand immediate action and full transparenc"
490424365,dm_petitions_13056908_ericadams,"Make a Change for NYC Subway Environment<p>Not only does it affect people who ride, but it affects all New Yorkers!</p>
<p>Over 5.5 million people are commuting by the subway every day, exposing themselves to the pollutants every second the"
490637113,dm_petitions_13056908_ericadams,"Reverse the Rent Hike‚ÄîFreeze Rents Now for NYC‚Äôs Working Families<p><strong>New York City is in a housing emergency‚Äîand the Rent Guidelines Board just made it worse.</strong></p>
<p>On June 24, <strong>the board voted to raise rents on more than a million rent-stab"
490706655,dm_petitions_13056908_ericadams,"Demand a Women's Advisory Board and Women's Audit for NYDOT and MTA<p>Women in New York rely on transit - for work, childcare, safety - but their needs have too often been ignored. We call on the NY Department of Transportation (NYDOT) and the MTA to appoint a perman"
490367939,dm_petitions_13056908_ericadams,"Ban the new congestion tolls added to the streets, bridges, and tunnels of New York City<p>The people of New York City need to realize their power and know that it is ""We the People"" that can put a stop to the greed of the corrupt MTA, the corrupt politicians and corrupt public officials"
490597001,dm_petitions_13056908_ericadams,"Address Healthcare Disparities in New York City<p>In the vibrant and bustling heart of New York City, countless lives are silently affected by an unjust healthcare system. Many of us, myself included, have witnessed or experienced firsthand the di"
490832830,dm_petitions_13056908_ericadams,"Save Lenox Hill EMS<p>Lenox Hill Hospital has been a cornerstone of the New York City community for over 150 years, offering invaluable healthcare services to the residents of the Upper East Side and beyond. However, re"
490798027,dm_petitions_13056908_ericadams,"Augustus St Gaudens Playground to Maintain Current Fence Height. NO TO 4FEET!<p>Our families, friends and children attend P.S. 40 and Salk Middle School.¬†</p>
<p>Like any parent or concerned Gramercy Community Member, the safety and security of our children is our utmost prior"
490365467,dm_petitions_13056908_ericadams,"Extend Kathy Hochul's Paid Prenatal Leave Benefit to City of New York women workers<p>The recently introduced paid prenatal leave benefit by Governor Kathy Hochul is undoubtedly a commendable step towards ensuring the welfare of working women in New York. However, an important segme"
490421352,dm_petitions_13056908_ericadams,"Stop the Planned Economic Blackout on February 28, 2025!<p>Attention mayors, lawmakers, Asian Americans, and all American values of our community! In 2025. As people directly affected by the forthcoming economic blackout, we write this petition with a plea"
490412656,dm_petitions_13056908_ericadams,Stop Staten Island‚Äôs Speed Camera Scam ‚Äì Abolish the Cash Grab!<p>üí∞<strong> Staten Islanders Are Being Exploited ‚Äì This Ends NOW!</strong><br>Enough is enough. NYC‚Äôs speed cameras are NOT about safety‚Äîthey‚Äôre about revenue and control. Staten Islanders are being 
490769841,dm_petitions_13056908_ericadams,"Name a Street in Memory of My Late Brother in New York<p>On the bustling streets of New York, where dreams are forged and legacies built, my brother's voice echoed with promise and hope. He was more than just an aspiring rapper; he was a beacon of talent"
490795849,dm_petitions_13056908_ericadams,"Petition to Abolish Gas-Powered Leaf Blowers in Our Communities<p>For decades, gas-powered leaf blowers have assaulted our health, our peace, our wildlife, and our environment. These machines are not just a nuisance ‚Äî they are a menace.</p>
<p><strong>The Human T"
490667527,dm_petitions_13056908_ericadams,NYC Dept. of Correction Promotional Captain Exam #4519<p>We are writing to formally request that the scoring for the recent NYC Department of Correction Promotional Captain Examination No. 4519 be reviewed for potential adjustment through the implementat
490654896,dm_petitions_13056908_ericadams,"Rikers Is Still Broken: Demand True Reform and Justice for Lives Lost<p>Michael Nieves <a href=""https://www.nytimes.com/2025/07/14/nyregion/rikers-island-inmate-suicide-deaths-federal-takeover.html?campaign_id=9&amp;emc=edit_nn_20250714&amp;instance_id=158448&amp;nl=th"
490525050,dm_petitions_13056908_ericadams,"Make Astoria safer for pedestrians and cyclists!<p>Are you someone who walks or bikes around Astoria? If so, you probably dread walking under the train tracks on 31st St. Speeding cars, red light runners, and people who are illegally parked make cr"
490662207,dm_petitions_13056908_ericadams,"Phones for Safety, Learning, and Connection‚ÄîNot just Distraction<p>In many schools across New York, an absolute ban on all electronic devices is seen as a necessary measure to minimize distractions. However, this approach overlooks the broader implications for stu"
490546414,dm_petitions_13056908_ericadams,"Rename 113th and Lenox to Excenia Mette Way<p>Excenia Mette played an impactful role in the Harlem community as a community leader and a grandmother. Her passion for building unity, promoting education, and advancing social and economic justic"
490478801,dm_petitions_13056908_ericadams,"Save Aviator Sports and Events Center ‚Äì A Vital Hub for Our Community!<p>To: The National Park Service, Local and State Officials, and the Aviator Sports Management Team</p>
<p>We, the undersigned, call upon the National Park Service and all relevant decision-makers to "
490618189,dm_petitions_13056908_ericadams,"Demand an Investigation into Brad Lander‚Äôs Arrest and Hold ICE Accountable<p><strong>On June 17, New York City Comptroller and mayoral candidate Brad Lander was violently arrested by masked federal agents‚Äîjust for standing beside an immigrant in a public courthouse and aski"
490573911,dm_petitions_13056908_ericadams,"We Demand School Safety and Mental Health Support<p><strong>This petition is not just about this incident. It‚Äôs about making sure our kids are safe, our schools are equipped, and our system doesn‚Äôt fail another child‚Äîwhether victim or perpetrator. S"
490687973,dm_petitions_13056908_ericadams,"Grant an Additional Pre-K Classroom at P‚Äã.‚ÄãS. 185 The Locke School<p>August 28, 2025 Update: Today we learned that the DOE will not be funding our fourth PK classroom for 2025-26. While this is disappointing and short-sighted, we are very glad to learn that all fami"
490454932,dm_petitions_13056908_ericadams,"Stop the Parking Ticket Cameras in NYC!<p>A law maker in Queens is pushing to install 150 new traffic cameras to automatically ticket vehicles parked illegally, including delivery drivers who have no choice but to double park due to a lack"
490657910,dm_petitions_13056908_ericadams,"Upgrade our outdated infrastructure before more lives are lost<p>This week‚Äôs deadly flash floods in New Jersey and New York weren‚Äôt just a freak storm‚Äîthey were a wake-up call. <strong>In just hours, record-breaking rainfall overwhelmed our streets, homes, and s"
490508917,dm_petitions_13056908_ericadams,"Restore Funding to After-School Programs<p>Hello, I am Matthew Tavarez a student at Is.77 Joseph F Quinn Intermediate School in Queen's. And This is my story. Newspaper Club and Debate Team, once thriving platforms encouraging critical thin"
490361197,dm_petitions_13056908_ericadams,"Ban Smoke Shops Near Schools and Promote Safe Spaces for Teens in NYC<p>We are a group of 12th grade students from Westchester Square Academy in the Bronx, NYC. As students, we watch helplessly as our peers are drawn into the grip of recreational drug use facilitated b"
490577142,dm_petitions_13056908_ericadams,"Revitalize Highbridge & Mount Eden With Culture and Commerce<p>We, the residents of Highbridge and Mount Eden, are calling on Mayor Eric Adams, Governor Kathy Hochul, and other public officials to invest in our neighborhoods with the same imagination, dignity,"
490365162,dm_petitions_13056908_ericadams,"Congestion Pricing Is Hurting New Yorkers ‚Äì We Demand It Be Stopped!<p><strong>GOVERNOR HOCHUL, THIS IS YOUR LAST TERM!</strong></p>
<p>¬†</p>
<change-media data-type=""img"" data-src=""/fe/sap-rich-media-user-uploads/2025/01/07/dea2049b-f0c6-4f0b-8635-d02cb617e614.jpeg"">"
490509014,dm_petitions_13056908_ericadams,"Implement Supportive Measures for Tenants During New York City Housing Authority Power Outages<p>I am one among thousands of tenants adversely affected by the abrupt power outages in New York City Housing Authority (NYCHA) buildings. With mobility limited due to partial paralysis, and survivin"
490568964,dm_petitions_13056908_ericadams,"Demand Emergency Funding for Overcrowded Animal Shelters Following NYC Rescue of 40 Dogs<p><strong>The heartbreaking rescue of 40 Belgian Malinois from a cramped New York City apartment is a wake-up call.</strong> These intelligent, energetic dogs were found hidden in cabinets and closet"
490659288,dm_petitions_13056908_ericadams,"Say no to a Times Square casino‚Äîprotect Broadway, small businesses, and the soul of NYC<p><strong>Times Square is the cultural heartbeat of New York City. </strong>It‚Äôs where tourists flock, artists dream, and the lights of Broadway shine brightest. But all of that is now at risk.</p>
<"
490396314,dm_petitions_13056908_ericadams,"Mental Illness is not an excuse to take an Innocent Life!<p>Our personal tragedy compels us to start this petition. An innocent CHILD, 14 yrs old, a family member, a CHILD dear to us and the community, waiting for the bus to go to school in the morning was "
490366959,dm_petitions_13056908_ericadams,"Challenge the Toll Increase Due to Alleged Road Congestion in New York City<p><strong>IMPORTANT:¬†</strong></p>
<p><em>This is the FIRST ever created PETITION to help Challenge the Toll Increase Due to Alleged Road Congestion in New York City.¬†</em></p>
<p><strong>PETITION:¬†<"
490656639,dm_petitions_13056908_ericadams,"Stop Mail Tampering and Misconduct at Parkville Post Office<p>To: United States Postal Service, Office of Inspector General, Local Representatives, and Community Leaders</p>
<p>We, the concerned residents of Brooklyn, NY, specifically those serviced by the Pa"
490697273,dm_petitions_13056908_ericadams,"Caesars Palace Times Square project:  just say no<p>To whom it may concern,<br>¬†</p>
<p>We are a group of concerned citizens, musicians, actors, and members of the No Times Square Casino coalition, The Broadway League, IATSE, and UFT. We want to let"
490676015,dm_petitions_13056908_ericadams,"NYC: Install Emergency Panic Buttons in Public Spaces<p>In the recent NYC mass shooting,¬†<strong>an AR-15-style rifle was used to gun down innocent people in a matter of seconds. </strong>The violence was fast‚Äîand deadly.</p>
<p>What if bystanders or em"
490587477,dm_petitions_13056908_ericadams,"Ban Feeding Pigeons in NYC to Combat Urban Filth<p>Living in New York City, I constantly witness the rampant issues caused by the unchecked feeding of pigeons. Pigeon droppings tarnish our beautiful city, landing on windowsills, splattering across "
490787213,dm_petitions_13056908_ericadams,"Defend NYC Leaders Arrested by ICE for Doing Their Jobs<p>On Thursday, more than a dozen elected officials, including State Senators, City Council members, and New York City Comptroller Brad Lander, were arrested at 26 Federal Plaza while attempting to in"
490667332,dm_petitions_13056908_ericadams,"Stop the Shelter Crisis ‚Äî Fund NYC‚Äôs Animal Lifeline Now<p>New York City‚Äôs animal shelters are in crisis‚Äîand the animals are paying the price.</p>
<p><strong>Overcrowded and underfunded, shelters like Animal Care Centers (ACC) are bursting at the seams.</s"
490545656,dm_petitions_13056908_ericadams,"Save Brooklyn Rhythmics: Maintain their home/space and affordable accessibility to youthBrooklyn Rhythmics, the first Black-owned, female-owned, and queer-owned Rhythmic Gymnastics club in central Brooklyn, plays a crucial role in the diverse community of Crown Heights. This program has "
490641295,dm_petitions_13056908_ericadams,"Build a dog park at Balsley Park in Hell‚Äôs Kitchen<p>Having always loved the vibrant community in Hell's Kitchen, Manhattan, I've noticed an opportunity for improvement when it comes to providing spaces where both dogs and their humans can enjoy more"
490628436,dm_petitions_13056908_ericadams,Remove Zohran Mamdani from Mayoral Race for Endorsing Violent Extremism<p>Zohran Mamdani hasn‚Äôt just used the term ‚Äúintifada‚Äù casually ‚Äî he has actively endorsed and promoted its violent meaning. The word ‚Äúintifada‚Äù is historically associated with brutal waves of terrori
490687922,dm_petitions_13056908_ericadams,"Bring Some Common Sense to NYC Local Law!<p>Having witnessed firsthand the struggles of real estate developers in my community, it is evident that New York City‚Äôs current environmental regulations are pushing property owners to their financi"
490520251,dm_petitions_13056908_ericadams,"New Yorkers Unite: NO to ICE operations on Rikers Island<p>As New Yorkers, we are deeply concerned about the Adams administration's recent decision to allow U.S. Immigration and Customs Enforcement (ICE) to open an office on Rikers Island. <strong>This mov"
490679287,dm_petitions_13056908_ericadams,"Reinstate Sparkle Jordan as Corrections Officer<p>I, Sparkle Jordan, respectfully submit this petition to request reinstatement as a Corrections Officer with the New York City Department of Corrections. After completing the investigation requireme"
490823224,dm_petitions_13056908_ericadams,"Stop Licensed Animal Hoarding‚ÄîProtect Animals and Vulnerable People in New York<p><strong>Over 200 animals were rescued from a Long Island home where they lived in filth, overcrowding, and neglect. </strong></p>
<p>Dogs, cats, birds, rabbits, tortoises‚Äîeven chipmunks and flying "
490381257,dm_petitions_13056908_ericadams,"Petition to Support Commercial Use and Block Another Shelter at 99 Washington<p>We, the undersigned residents and stakeholders of the community surrounding 99 Washington Street, urge that this privately owned facility, currently functioning as the 492-room, 1,100+ bed HERRC Mi"
490792618,dm_petitions_13056908_ericadams,"What is HOPE? Improve shelter support for domestic violence survivors in NYC<p>¬†</p>
<p>¬†</p>
<change-media data-type=""img"" data-src=""/fe/sap-rich-media-user-uploads/2025/10/02/273b10ba-ad80-45c7-ad29-9c1990cf2ced.jpeg""></change-media>
<p>¬†</p>
<p>¬†</p>
<p>I experienced domes"
490699633,dm_petitions_13056908_ericadams,"Add MENA category to NYC school forms<p>Growing up in New York City as a Middle Eastern student, each time I filled out a school form, I faced the frustrating reality that I had to select a race that did not truly represent me. Checking "
490659021,dm_petitions_13056908_ericadams,"Replace NYC‚Äôs Horse Carriages with Humane, Electric Alternatives<p>For too long, horse-drawn carriages have been a staple of New York City's tourism‚Äîbut at what cost? Horses like Ryder, who collapsed in Midtown traffic and later died, remind us of the cruelty behi"
490767521,dm_petitions_13056908_ericadams,"Offer discounted transit fares for full time university students<p>As a full-time student at Manhattan University, it has become increasingly challenging to afford the rising costs of transportation in New York City. The fees continue to increase, often surpassing"
490752182,dm_petitions_13056908_ericadams,"URGENT HELP NEEDED to make 34 St-Herald Sq Subway station safe and clean<p>We demand immediate action to address the deplorable conditions at the 34th Street-Herald Square subway station, a critical transit hub in the heart of Manhattan serving the Orange (F, B, M, D) and"
490701578,dm_petitions_13056908_ericadams,"Co-name 3rd Street & Avenue D as ""Crush City Rockers Way""<p>The Crush City Rockers have been more than just a dance crew; they have been a transformative presence in the heart of the Lower East Side. Through the power of dance, they have provided young peop"
490849166,dm_petitions_13056908_ericadams,"üóΩ PROTECTING DEMOCRACY MEANS STAYING IN CONVERSATION WITH IT<p>A Petition to the Next Mayor of New York City<br><br>The Issue<br>As we approach Election Day ‚Äî Tuesday, November 5, 2025 ‚Äî every candidate for Mayor of New York City has pledged to protect the cit"
490452798,dm_petitions_13056908_ericadams,"Keep NYC's Mount Prospect Park Green ‚Äì Stop the Concrete Takeover<p>We support adding more skateparks to New York City, but paving over part of Mount Prospect Park is the wrong choice. This small but vital green space serves as a retreat for families, seniors, and "
490426577,dm_petitions_13056908_ericadams,"Save the SS United States. It is not too late.  We cannot allow her to be reefed.<p>The SS United States is a stunning example of American maritime engineering that deserves more than to be forgotten as an artificial reef. This iconic ocean liner, which still holds the record for "
490432420,dm_petitions_13056908_ericadams,"Protect the U‚Äã.‚ÄãS. Postal Service: A Vital Public Service for All Americans<p><strong>The Issue</strong><br>My husband has worked for USPS for 10 years, serving as a carrier, clerk, and manager. He has delivered mail in small towns, worked the front counter helping customers"
490783482,dm_petitions_13056908_ericadams,Stop Police Harassment of Upper West Side Book Vendors<p><strong>My name is Nelson and I've been selling books on the Upper West Side of Manhattan for over a decade. </strong>This spot in this lively neighborhood isn't just my workplace; it's my refuge a
490678398,dm_petitions_13056908_ericadams,"Save Salk<p>We, the families of Salk School of Science (MS 255) (‚ÄúSalk‚Äù) and other stakeholders in District 2 strongly oppose the proposed plan to merge Salk and 75 Morton (MS 297) (‚ÄúMorton‚Äù). We demand that a"
490597695,dm_petitions_13056908_ericadams,"Make the Last Day of School a Half Day for NYC Students<p>As a dedicated teacher in the New York City school system, I've experienced firsthand the challenges that come with the current schedule for the last day of school. Before the COVID-19 pandemic, st"
490454581,dm_petitions_13056908_ericadams,"Missing Pedestrian Crosswalk at Public Park Entrance in New York City!<p><strong>Missing Pedestrian Crosswalks at New York City Public Park Entrances.</strong></p>
<p>This petition is for the New York City Department of Parks and Recreation, the Department of Transporta"
490736063,dm_petitions_13056908_ericadams,"Demand a Full Independent Ethics Investigation Into City Hall Corruption<p>New Yorkers deserve a government that works for the people‚Äînot one that serves the personal interests of insiders and political appointees. <strong>But recent revelations surrounding Winnie Greco, "
490578800,dm_petitions_13056908_ericadams,"Petition for a Unified PA System in Millennium High school<p>The safety and well-being of individuals within educational institutions cannot be measured in monetary terms. Living in a vibrant city like New York, where swift communication is not just a necess"
490845751,dm_petitions_13056908_ericadams,"Stop the MTA from Expiring MetroCard: Keep our Cards, Keep our Fares Fair<p>The MTA is phasing out MetroCard by December 31st, but they‚Äôve already started removing vending machines-leaving riders stuck. OMNY double-charges us, glitches out, and still excludes express bus f"
490766818,dm_petitions_13056908_ericadams,"Eliminate Congestion Pricing Fees for NY Yellow Cabs<p>Driving a yellow taxi in New York City is not just a job‚Äîit's supposed to be a means to a decent living. Yet, I've never experienced working more than 12 hours anywhere in this vibrant city and not"
490779774,dm_petitions_13056908_ericadams,"SAVE OUR WOMEN /PROTECT OUR LADIES OF LEISURE WE ARE STILL HUMAN<p>Greetings, to all, my name is Miranda Collier, and I‚Äôm also known to many as Silence. I am a lady of leisure, and I started this petition with support of social justice advocate and clinical social"
490786283,dm_petitions_13056908_ericadams,Restore Funding for New Harbor School Sailing Team Fall 2025 Season<p>New York Harbor School was founded in the fall of 2003 with the express goal of giving young people from New York City access to New York city's most valuable resource it's Harbor. From its humble 
490791957,dm_petitions_13056908_ericadams,"Ban Cruel Horse Carriages in NYC ‚Äì Pass Ryder‚Äôs Law Now<p>Every day, carriage horses are forced to haul tourists through the congested streets of New York City‚Äîbreathing in exhaust fumes, dodging traffic, and enduring unbearable weather, all while surroun"
490468477,dm_petitions_13056908_ericadams,"Liberate Wendy: A Call to End Her Conservatorship and Return to Media<p><strong>As an ardent fan of Wendy and her unmatched charisma on television and radio, this plea is personal. Wendy has crafted countless treasured moments across her A-list tv and past radio show l"
490540079,dm_petitions_13056908_ericadams,"New York City Mayor Eric Adams Must Unequivocally Recognize the Armenian Genocide<p>Last year, a <a href=""https://www.nytimes.com/interactive/2024/09/26/nyregion/eric-adams-indictment-charges-annotated.html"" target=""_blank"" rel=""nofollow"">57-page federal indictment</a> stated that"
490543176,dm_petitions_13056908_ericadams,"Rename Our Local Street after Beloved Community Leaders<p>This petition seeks to honor the memory of my grandparents who, until their passing in 2020 due to Covid, lived and dedicated their lives to our community for over 50 years. The neighborhood feels "
